summary,title_len,abstract_len
count,2854101,2854101
min,1,40
25%,55,646
50%,72,957
75%,90,1294
max,372,6089
mean,74.37193147684683,981.3666355885794
