test_id,rank,neighbor_id,neighbor_paper_id,score,neighbor_categories
Q,1,0710.0906,0710.0906,9.999521186642411E-4,math.RT
Q,2,0711.1665,0711.1665,9.95232926596817E-4,hep-ph
Q,3,0707.3530,0707.3530,9.940780292776626E-4,hep-ph
Q,4,0709.1007,0709.1007,9.935757725576147E-4,hep-ex
Q,5,0705.0707,0705.0707,9.933949287061687E-4,astro-ph
