year,doi_rate
2007,0.12207708434123528
2008,0.670076169749728
2009,0.907787293367855
2010,0.6661506707946336
2011,0.5072046109510087
2012,0.6248196248196248
2013,0.6778523489932886
2014,0.8387096774193549
2015,0.927570093457944
2016,0.7677642980935875
2017,0.8295819935691319
2018,0.6363636363636364
2019,0.5773584905660377
2020,0.7663551401869159
2021,0.5753424657534246
2022,0.6721311475409836
2023,0.7560975609756098
2024,0.3469387755102041
2025,0.5483870967741935
