summary,title_len,abstract_len
count,49981,49981
min,4,40
25%,51,497
50%,66,717
75%,84,1028
max,227,2862
mean,69.29397170924952,790.9938976811188
