summary,title_len,abstract_len
count,49981,49981
min,4,40
25%,51,497
50%,66,718
75%,84,1028
max,227,2862
mean,69.29415177767552,791.00540205278
