doi_int,avg_versions
1,1.5854403362448282
0,1.5126747580273467
