abslen_decile,avg_abslen,avg_versions
1,224.0766153230646,1.52750550110022
2,387.36794717887153,1.5388155262104841
3,497.2464985994398,1.554421768707483
4,586.4241696678671,1.5730292116846738
5,672.1062424969988,1.5844337735094038
6,768.3619447779112,1.5860344137655062
7,884.530412164866,1.5590236094437775
8,1031.1754701880752,1.5542216886754703
9,1247.000200080032,1.5582232893157264
10,1611.877951180472,1.5344137655062025
